,gender,numYears,numRaters,numCourses,pepper,discipline,dept,quality,helpfulness,clarity,easiness,raterInterest,sdQuality,sdHelpfulness,sdClarity,sdEasiness,sdRaterInterest
1,male,7,11,5,no,Hum,English,4.636363636,4.636363636,4.636363636,4.818181818,3.545454545,0.5518564,0.674199862,0.504524979,0.404519917,1.12815215
2,male,6,11,5,no,Hum,Religious Studies,4.318181818,4.545454545,4.090909091,4.363636364,4,0.90201795,0.934198733,0.943879807,0.504524979,1.074435556
3,male,10,43,2,no,Hum,Art,4.790697674,4.720930233,4.860465116,4.604651163,3.432432432,0.45293432,0.666389754,0.412968081,0.54070214,1.236943827
4,male,11,24,5,no,Hum,English,4.25,4.458333333,4.041666667,2.791666667,3.181818182,0.93250483,0.931532943,0.999093792,0.588229966,1.332250643
5,male,11,19,7,no,Hum,Spanish,4.684210526,4.684210526,4.684210526,4.473684211,4.214285714,0.65001124,0.820069887,0.582392725,0.61177529,0.974961256
6,male,10,15,9,no,Hum,Spanish,4.233333333,4.266666667,4.2,4.533333333,3.916666667,0.8632717,1.032795559,0.774596669,0.639940473,0.668557923
7,male,7,17,3,no,Hum,Spanish,4.382352941,4.352941176,4.411764706,4.117647059,3.8125,0.94421613,0.996316746,0.939336437,0.696630546,1.223042654
8,male,11,16,3,no,Hum,English,2.0625,2.0625,2.0625,1.4375,2.9375,1.1954776,1.340087062,1.123610253,0.727438428,1.611159003
9,male,11,12,4,no,Hum,Music,2.0416667,2.1666667,2,1.75,3.75,1.0757309,1.3371159,1.0444659,0.75377834,1.288057
10,male,7,18,4,no,Hum,English,4.111111111,4.222222222,4,3.666666667,4.176470588,0.90025413,1.003262651,0.907485213,0.766964989,1.538112309
11,male,11,11,4,no,Hum,Philosophy,4.727272727,4.909090909,4.545454545,4,2.9,0.34377584,0.301511345,0.522232968,0.774596669,1.197219
12,male,6,33,4,yes,Hum,Philosophy,3.7242424,3.8484848,3.6060605,4.242424,3.3333333,1.2387066,1.3257359,1.2975793,0.79176635,1.2909944
13,male,4,23,5,no,Hum,Music,2.804347826,2.695652174,2.913043478,2.217391304,3.217391304,0.9855678,1.063219066,1.124643114,0.795242772,1.166054799
14,male,10,34,2,yes,Hum,Music,4.8382354,4.8235292,4.852941,4.6764708,4.71875,0.51816386,0.6262243,0.43570584,0.80605996,0.58112097
15,male,11,23,8,yes,Hum,Spanish,4.565217391,4.565217391,4.565217391,2.826086957,3.952380952,0.99206334,1.036869719,0.992063367,0.834057656,1.07126983
16,male,3,27,5,yes,Hum,Religious Studies,4.944444444,4.962962963,4.925925926,3.703703704,3.592592593,0.16012815,0.19245009,0.266880256,0.868899163,1.152230588
17,male,1,14,2,yes,Hum,English,4.464285714,4.714285714,4.214285714,3.214285714,2.357142857,0.60333323,0.468807231,0.892582375,0.892582375,1.150728389
18,male,11,19,7,no,Hum,History,4.184210526,4.368421053,4,3.631578947,3.526315789,0.6914262,0.683985568,0.816496581,0.895080773,1.123902974
19,male,6,11,5,no,Hum,Art,3.909090909,4.090909091,3.727272727,2.272727273,4,1.2613125,1.445997611,1.190874392,0.904534034,1
20,male,11,14,5,no,Hum,Art,3.5,3.2857144,3.7142856,3.2857144,3.2307692,1.255756,1.3827827,1.2666473,0.91387355,1.2351685
21,male,7,59,9,no,Hum,Philosophy,3.4745762,3.542373,3.4067798,2.3559322,3.5370371,1.595856,1.6433989,1.5878705,0.92405987,1.3418231
22,male,10,28,5,no,Hum,English,3.6964285,3.7142856,3.6785715,3.642857,3.25,1.2348286,1.272418,1.3348206,0.95118976,1.3228756
23,male,1,13,3,no,Hum,English,3.576923077,3.461538462,3.692307692,4.615384615,2.923076923,1.5791104,1.664100589,1.601281538,0.960768923,1.497861724
24,male,10,15,5,no,Hum,Philosophy,1.633333333,1.6,1.666666667,2.266666667,3.4,0.7187953,0.91025899,1.046536237,0.961150105,1.298350602
25,male,7,16,2,no,Hum,History,3.53125,3.3125,3.75,2.5625,3.8,0.9393038,1.138346754,0.930949336,0.963932916,0.941123948
26,male,11,35,6,no,Hum,History,3.114285714,3.057142857,3.171428571,3.857142857,3,1.272363,1.327156561,1.382361881,0.974463869,1.58113883
27,male,7,11,2,no,Hum,Music,4.909090909,5,4.818181818,4.181818182,4.909090909,0.20225996,0,0.404519917,0.981649817,0.301511345
28,male,11,23,10,no,Hum,English,4.239130435,4.434782609,4.043478261,2.826086957,3.333333333,1.1268375,1.160959124,1.26052878,0.984062725,1.328422328
29,male,11,27,6,no,Hum,Spanish,3.981481481,4.037037037,3.925925926,3.148148148,4.153846154,1.0873529,1.159624657,1.141049649,0.988538303,0.833897245
30,male,11,42,5,yes,Hum,English,4.392857143,4.5,4.285714286,3.166666667,3.516129032,1.0093206,1.15293898,0.994759789,1.010111481,1.338431115
31,male,11,38,4,no,Hum,History,4.526315789,4.473684211,4.578947368,3.131578947,4.029411765,0.62544435,0.68721302,0.758076476,1.017975007,1.029424497
32,male,11,20,8,no,Hum,German,4.075,4.15,4,3.25,3.631578947,1.3886286,1.348488433,1.486783883,1.019545823,1.116070802
33,male,11,44,6,no,Hum,Philosophy,2.8295455,3.0227273,2.6363637,2.0454545,3.475,1.3551933,1.5017607,1.3655378,1.0332731,1.3772417
34,male,11,57,3,yes,Hum,Religious Studies,4.552631579,4.561403509,4.543859649,3.614035088,3.901960784,0.7299964,0.886758621,0.825274315,1.04803193,1.153341267
35,male,10,15,3,no,Hum,Music,3.7,3.6,3.8,3.133333333,3.933333333,1.264911,1.298350602,1.320173149,1.060098827,0.798808637
36,male,9,46,5,no,Hum,English,1.891304348,2.239130435,1.543478261,3.869565217,2.347826087,1.0376953,1.463402164,0.808469658,1.066847811,1.158876684
37,male,11,10,4,no,Hum,French,4.277777778,4.222222222,4.333333333,3.888888889,3.882352941,0.84404874,1.060274967,0.766964989,1.078609611,0.992619825
38,male,3,18,2,no,Hum,English,4.416666667,4.611111111,4.222222222,3.111111111,3.5,0.57522374,0.978527639,0.732084498,1.078609611,0.985184366
39,male,11,79,7,no,Hum,History,2.5696204,2.6962025,2.443038,2.658228,2.9565217,1.1759726,1.3141676,1.227326,1.0846963,1.3109806
40,male,11,18,2,no,Hum,Theater,3.472222222,3.111111111,3.833333333,3.388888889,4,1.1816268,1.409584373,1.098126747,1.092158623,1.095445115
41,male,3,26,5,no,Hum,English,2.442307692,2.692307692,2.192307692,2.230769231,2.692307692,1.3735132,1.59422033,1.296741478,1.106623416,1.289006773
42,male,11,52,2,no,Hum,Religious Studies,3.067307692,3.403846154,2.692307692,3.076923077,3.442307692,1.146302,1.240803272,1.245201953,1.117527977,1.178457974
43,male,11,10,2,no,Hum,Religious Studies,3.6,3.6,3.6,3.2,4.3,1.5055453,1.505545305,1.577621275,1.135292424,0.483045892
44,male,7,26,5,no,Hum,Spanish,4.115384615,4.230769231,4,2.884615385,4.32,0.86380196,0.862910995,1.095445115,1.142870879,0.988264472
45,male,10,15,3,no,Hum,English,2.9,3.2,2.6,3.8,2.733333333,1.2845232,1.373213125,1.352246808,1.146423008,1.387014608
46,male,11,45,8,no,Hum,English,3.388888889,3.711111111,3.111111111,2.844444444,3.185185185,1.4257729,1.486640848,1.510903135,1.147240871,1.387777333
47,male,3,12,3,yes,Hum,Philosophy,4.7083335,4.75,4.6666665,3.6666667,3.4166667,0.54181236,0.45226702,0.65133893,1.1547005,1.4433757
48,male,7,12,2,no,Hum,FLTR,3.291666667,3.333333333,3.25,3.333333333,3.416666667,1.3392388,1.302677895,1.544785952,1.154700538,1.443375673
49,male,11,16,3,no,Hum,History,2.25,2.0625,2.4375,2.8125,3.2,0.9660918,1.1236103,1.0935416,1.1672617,1.264911
50,male,9,36,8,no,Hum,English,3.5555556,3.7222223,3.3888888,2.7777777,3.2903225,1.4080269,1.4660171,1.4595063,1.1737878,1.2556325
51,male,11,24,5,no,Hum,French,3.854166667,3.875,3.833333333,3,4.227272727,1.2724434,1.295896534,1.340560125,1.179535649,0.972567451
52,male,3,29,4,no,Hum,History,3.913793103,3.965517241,3.862068966,2.965517241,4.32,1.4019691,1.401090357,1.481411921,1.179671825,0.945163125
53,male,11,65,4,no,Hum,History,3.469230769,3.353846154,3.584615385,3.061538462,3.280701754,1.2804935,1.385536553,1.345040749,1.184231331,1.305953209
54,male,11,11,4,no,Hum,Art,3.045454545,3.090909091,3,3.363636364,3.636363636,1.4222262,1.640399065,1.264911064,1.206045378,0.924416278
55,male,2,14,4,yes,Hum,Spanish,3.464285714,3.285714286,3.642857143,3.357142857,2.785714286,1.512312,1.728875643,1.392681026,1.215739272,1.42389344
56,male,11,14,7,no,Hum,German,4,4,4,2.5,3.875,1.1929278,1.414213562,1.037749043,1.224744871,0.640869944
57,male,11,29,6,no,Hum,Music,3.982758621,3.862068966,4.103448276,3.310344828,4.333333333,1.2498769,1.481411921,1.263352331,1.284619129,1.203858531
58,male,11,54,6,yes,Hum,History,4.518518519,4.518518519,4.518518519,4.074074074,4.340909091,0.7001547,0.745824623,0.818206523,1.286385192,1.033017297
59,male,4,12,3,no,Hum,Theater,2.958333333,2.833333333,3.083333333,2.5,3.5,1.2332207,1.403458931,1.311372171,1.314257481,1
60,male,11,57,5,no,Hum,History,2.085964912,2.280701754,1.894736842,2.631578947,3.166666667,1.1517748,1.264266953,1.205407615,1.344719553,1.424184639
61,male,9,13,6,no,Hum,Theater,3.538461538,3.461538462,3.615384615,3.230769231,3.8,1.1629978,1.560736184,0.869718493,1.3634421,1.619327707
62,male,5,33,3,no,Hum,English,2.924242424,2.696969697,3.151515152,3.454545455,2.696969697,1.281608,1.380327146,1.325735931,1.371379531,1.237054174
63,male,8,46,7,no,Hum,English,2.293478261,2.282608696,2.304347826,2.456521739,3.806451613,1.3398843,1.408908852,1.331157645,1.377703754,1.327136136
64,male,11,19,4,no,Hum,English,3.684210526,3.684210526,3.684210526,3.157894737,2.933333333,1.1809897,1.249561327,1.249561327,1.384965218,1.162919151
65,female,11,18,6,yes,Hum,German,4.6666665,4.888889,4.4444447,3.0555556,3.9375,0.42008403,0.32338083,0.7047922,1.0556415,0.7719024
66,female,9,28,3,no,Hum,Womens Studies,4.732142857,4.857142857,4.607142857,4.5,3.333333333,0.44058344,0.448395139,0.56694671,0.509175077,1.20894105
67,female,11,21,7,no,Hum,Womens Studies,4.880952381,4.952380952,4.80952381,4.80952381,3.428571429,0.2182179,0.21821789,0.402373908,0.511766316,1.247855303
68,female,8,26,8,yes,Hum,English,4.653846154,4.615384615,4.692307692,4.076923077,3.55,0.62879616,0.697247335,0.67936622,0.627571632,1.050595429
69,female,11,10,2,no,Hum,History,3.1,3.5,2.7,3,2.8,1.1254629,1.3540064,1.0593499,0.6666667,1.2292726
70,female,2,14,4,no,Hum,Spanish,2.107142857,1.928571429,2.285714286,2,3.166666667,1.0410529,1.206666464,1.138728807,0.67936622,1.403458931
71,female,7,27,6,no,Hum,Spanish,4.18,4.32,4.04,3.72,3.84,0.7756718,0.852447457,0.888819442,0.73711148,0.986576572
72,female,10,22,3,no,Hum,English,3.5,3.5,3.5,2.272727273,3,1.3887302,1.503963019,1.439245834,0.767296936,1.483239697
73,female,4,36,6,no,Hum,English,4.625,4.666666667,4.583333333,4.527777778,3.722222222,0.59009683,0.632455532,0.731925055,0.7740842,1.085254706
74,female,2,14,4,yes,Hum,Spanish,4.428571429,4.642857143,4.214285714,4,3.214285714,0.26726124,0.497245158,0.578934224,0.784464541,1.121713759
75,female,11,19,6,no,Hum,English,2.3947368,2.2631578,2.5263157,1.7368422,3.0666666,1.5145494,1.6276126,1.6113632,0.8056816,1.4375906
76,female,11,86,8,no,Hum,English,1.6744186,1.6860465,3.360465,1.5581396,2.8148148,1.0758511,1.1808435,1.0584168,0.80592877,1.2258784
77,female,8,25,8,no,Hum,English,3.76,3.84,3.68,2.92,3.631578947,1.2086494,1.233048322,1.2489996,0.81240384,1.211542924
78,female,8,26,7,yes,Hum,English,4.538461538,4.769230769,4.307692308,3.5,3.730769231,0.5463163,0.429668924,0.735892969,0.860232527,1.115623317
79,female,10,16,2,no,Hum,Religious Studies,1.875,2.1875,1.5625,2.6875,2.666666667,0.8266398,1.108677891,0.81394103,0.87321246,1.290994449
80,female,9,20,3,no,Hum,Religious Studies,4.025,3.95,4.1,2.65,3.8125,1.1525145,1.234376041,1.165287405,0.87509398,1.167261753
81,female,11,30,4,no,Hum,Spanish,3.55,3.666666667,3.433333333,1.966666667,4,1.154825,1.093344547,1.250746903,0.889917987,1.112697281
82,female,7,12,3,no,Hum,Spanish,3.166666667,3.333333333,3,3.916666667,3.777777778,1.0516942,1.07308674,1.206045378,0.900336637,1.715938357
83,female,10,21,3,no,Hum,English,2.523809524,2.428571429,2.619047619,1.857142857,2.45,1.2597241,1.434274331,1.321975434,0.91025899,1.35627198
84,female,1,19,4,yes,Hum,Spanish,3.710526316,3.894736842,3.526315789,2.789473684,4.157894737,1.2617866,1.286456669,1.348596845,0.917662935,1.25888654
85,female,11,12,3,yes,Hum,Art,4.458333333,4.5,4.416666667,4.166666667,3.75,0.6894772,0.904534034,0.668557923,0.937436867,1.138180366
86,female,4,31,3,yes,Hum,Spanish,4.709677419,4.806451613,4.612903226,3.64516129,3.870967742,0.4962223,0.477448415,0.667204084,0.950381927,1.408117786
87,female,4,22,2,yes,Hum,English,4.5,4.545454545,4.454545455,3.636363636,3.545454545,0.80178374,0.857864054,0.911684612,0.953462589,1.010764573
88,female,4,13,5,no,Hum,French,3.461538462,3.307692308,3.615384615,2.923076923,3.153846154,0.9887184,1.109400392,1.192927878,0.954073587,1.214231845
89,female,11,22,5,no,Hum,French,4.545454545,4.545454545,4.545454545,3.5,3.818181818,0.8716308,1.05682691,0.800432783,0.963624112,1.296014537
90,female,11,26,8,no,Hum,English,3.5,3.807692308,3.192307692,3.692307692,3.153846154,1.2083046,1.327229619,1.200640855,0.970329048,1.347362095
91,female,11,15,3,no,Hum,English,2.2,2,2.4,2.4,2.769230769,1.3469542,1.309307341,1.45405836,0.985610761,1.423250163
92,female,2,20,5,no,Hum,English,3.925,4,3.5,3.85,3.25,1.0547512,1.169795304,1.089422831,0.988086934,1.29269201
93,female,11,24,7,no,Hum,History,3.9583333,3.9166667,4,2.75,3.6666667,1.131723,1.4116492,0.9780193,0.9890707,1.3904436
94,female,11,69,3,no,Hum,Religious Studies,2.7826087,3,2.5652175,3.768116,2.903226,1.2469913,1.3612279,1.2541491,1.0021291,1.3755437
95,female,10,37,6,no,Hum,English,1.756756757,1.810810811,1.702702703,1.783783784,2.545454545,1.0647223,1.126396364,1.151445103,1.003746735,1.542945825
96,female,9,36,7,no,Hum,English,4.851351351,4.945945946,4.756756757,3.72972973,3.75,0.3087804,0.229243435,0.494716833,1.017858554,1.218142425
97,female,7,32,3,no,Hum,English,3.21875,3.34375,3.09375,2.15625,2.9375,1.2439369,1.310241913,1.422387248,1.019467761,1.134147399
98,female,2,11,3,no,Hum,Spanish,3.3125,3.416666667,3.208333333,2.458333333,3.125,1.465639,1.501207244,1.531670491,1.020620726,1.261899879
99,female,11,41,2,no,Hum,Womens Studies,3.695121951,3.731707317,3.658536585,3.390243902,3.358974359,1.2493901,1.396860592,1.257174532,1.021715439,1.158201407
100,female,7,34,7,no,Hum,Art History,3.794117647,3.794117647,3.794117647,4.088235294,2.794117647,1.142284,1.249955436,1.273968074,1.025955491,1.273968074
101,female,5,15,4,no,Hum,Spanish,3.233333333,3.266666667,3.2,3.4,3.4,1.3478378,1.486446706,1.373213125,1.055597326,1.352246808
102,female,11,38,3,no,Hum,Spanish,3.236842105,3.631578947,2.842105263,3.421052632,3.457142857,1.4272296,1.459749194,1.533875427,1.056040001,1.291211404
103,female,2,10,4,yes,Hum,English,4.7,4.7,4.7,3.7,3.4,0.7888106,0.948683298,0.674948558,1.059349905,1.0749677
104,female,11,29,5,no,Hum,English,1.482758621,1.517241379,1.448275862,2.068965517,2.4,0.66120505,0.784706026,0.631676166,1.066738503,1.38443731
105,female,1,10,4,yes,Hum,Spanish,3.95,3.9,4,3.4,3.9,0.8959787,1.449137675,0.666666667,1.0749677,0.875595036
106,female,11,27,5,no,Hum,English,3.537037037,3.62962963,3.444444444,2.814814815,3.166666667,1.3150455,1.341464983,1.368135546,1.075497632,1.434563005
107,female,11,36,4,no,Hum,English,3.208333333,3.222222222,3.194444444,2.083333333,2.647058824,1.1549582,1.311729744,1.090725694,1.07902072,1.252448582
108,female,9,19,3,no,Hum,English,2.394736842,2.684210526,2.105263158,1.789473684,2.842105263,1.0351992,1.249561327,1.100239208,1.08417646,1.384965218
109,female,11,14,2,no,Hum,Dance,3.5,3.714285714,3.285714286,3.5,3.846153846,1.1766968,1.266647388,1.204387583,1.091928428,1.724632997
110,female,8,17,5,no,Hum,English,3.470588235,3.529411765,3.411764706,3.294117647,2.875,1.1520442,1.328422328,1.175735064,1.104802351,1.668332501
111,female,10,54,3,no,Hum,English,4.305555556,4.259259259,4.351851852,3.203703704,2.92,1.0113351,1.119049212,0.993514961,1.105383561,1.259089402
112,female,11,21,5,no,Hum,English,3.095238095,3.142857143,3.047619048,3.857142857,2.85,1.5134319,1.621286967,1.596126263,1.108409414,1.002162165
113,female,5,33,6,no,Hum,Philosophy,2.46969697,2.454545455,2.484848485,2.666666667,3.363636364,1.3632418,1.480939505,1.460334125,1.108677891,1.055289706
114,female,11,47,8,no,Hum,English,2.904255319,3.021276596,2.787234043,3.361702128,3.380952381,1.3538926,1.567181931,1.301106055,1.111707107,1.103263031
115,female,11,58,5,no,Hum,History,3.189655172,3.206896552,3.172413793,3.672413793,3.333333333,1.2169403,1.386129544,1.286064731,1.12994226,0.971285862
116,female,7,14,4,yes,Hum,Spanish,4.678571429,4.714285714,4.642857143,4.071428571,4.071428571,0.63872296,0.611249846,0.841897386,1.141138818,1.141138818
117,female,11,10,5,no,Hum,Art and design,3.2,2.8,3.6,2,3,1.4181365,1.619327707,1.349897115,1.154700538,1.247219129
118,female,9,36,6,no,Hum,History,3.833333333,3.805555556,3.861111111,2.638888889,3.166666667,1.069045,1.260826134,1.099422648,1.174801571,1.276154939
119,female,7,14,5,yes,Hum,Music,3.7857144,3.5,4.071429,3.2857144,3.7142856,0.8707708,1.0919285,0.7300459,1.2043875,1.2043875
120,female,11,26,5,no,Hum,Music,3.442307692,3.346153846,3.5,4.038461538,1.098039216,1.5705217,1.719123211,1.719123211,1.215920038,1.197219
121,female,8,39,5,no,Hum,History,2.58974359,2.641025641,2.538461538,3.923076923,3.105263158,1.332152,1.423250163,1.354255551,1.222263116,1.429221555
122,female,11,16,6,no,Hum,History,2.4375,2.375,2.5,3.1875,3.0625,1.2230426,1.543804824,1.095445115,1.223042654,1.436140662
123,female,5,67,3,no,Hum,English,2.97761194,2.955223881,3,2.373134328,2.552238806,1.4730736,1.655412023,1.414213562,1.228892343,1.145261411
124,female,9,29,4,no,Hum,English,3.224137931,3.172413793,3.275862069,2.965517241,2.827586207,1.3666056,1.536902393,1.360056504,1.23874241,1.415954134
125,female,11,26,6,no,Hum,German,2.75,2.9615386,2.5384614,3.0384614,3.2777777,1.1937337,1.3705698,1.1740791,1.2483835,1.2307339
126,female,6,24,7,no,Hum,English,3.7291667,4.0416665,3.4166667,3.1666667,3.3333333,1.3302594,1.3376712,1.5012072,1.2740442,1.1671841
127,female,7,16,5,yes,Hum,Japanese,4.625,4.8125,4.4375,3.0625,4.5333333,0.6454972,0.5439056,0.8920949,1.2893797,0.6399405
128,female,5,20,2,no,Hum,English,3.825,4,3.65,2.55,3.235294118,1.2903998,1.376494403,1.386969434,1.316894273,1.147247345
129,female,10,35,6,no,Hum,History,3.2,3.171428571,3.228571429,3.028571429,3.657142857,1.3184215,1.382361881,1.330318721,1.316986629,1.186761712
130,female,5,36,9,no,Hum,English,3.347222222,3.333333333,3.361111111,3.5,3.5,1.5391066,1.585649934,1.60628725,1.341640786,1.347150628
131,female,4,28,3,no,Hum,English,3,3.074074074,2.851851852,3.592592593,3.148148148,1.2709779,1.384694521,1.350319156,1.366051561,1.063510287
132,female,11,10,4,no,Hum,Music,4.1,4.1,4.1,2.6,3.3,1.2427568,1.370320319,1.197219,1.429840706,1.636391694
133,female,9,53,7,no,Hum,English,2.79245283,2.698113208,2.886792453,2.735849057,2.913043478,1.3531799,1.394838089,1.436614307,1.443166169,1.244116589
134,female,2,13,2,no,Hum,Spanish,3.076923077,3.076923077,3.076923077,3.461538462,2.615384615,1.3204505,1.497861724,1.320450584,1.450022104,1.043907845
135,male,7,10,2,no,SocSci,Psychology,4.8,4.9,4.7,4.4,4.5,0.2581989,0.316227766,0.483045892,0.516397779,0.547722558
136,male,7,21,2,no,SocSci,Communication,4.571428571,4.571428571,4.571428571,4.238095238,4.095238095,0.6380775,0.676123404,0.676123404,0.700340053,0.995226703
137,male,2,33,2,no,SocSci,Psychology,4.757575758,4.818181818,4.696969697,3.96969697,4,0.2828762,0.391674726,0.466693722,0.76993703,0.790569415
138,male,7,11,2,no,SocSci,Communication,3.636363636,3.545454545,3.727272727,3.727272727,3.333333333,1.2265991,1.368476259,1.190874392,0.786245393,1.322875656
139,male,6,18,3,no,SocSci,Communication,3.583333333,3.222222222,3.944444444,3.833333333,3,1.1536387,1.262842525,1.211329956,0.857492926,1.264911064
140,male,11,30,2,no,SocSci,Psychology,4.4,4.366666667,4.433333333,4.133333333,4,0.75885576,0.764890496,0.858359837,0.860366134,0.932504808
141,male,7,14,2,no,SocSci,Communication,4.071428571,4.071428571,4.142857143,3.142857143,3.5,1.1069213,1.384768001,1.027105182,0.864437822,1.08012345
142,male,4,15,5,yes,SocSci,Psychology,4.333333333,4.333333333,4.333333333,2.933333333,3.933333333,0.9193683,1.046536237,0.899735411,0.883715102,0.59361684
143,male,11,50,4,no,SocSci,Sociology,4.25,4.22,4.28,2.48,3.3125,0.6643241,0.789988375,0.809131558,0.886174995,1.169765388
144,male,3,10,3,no,SocSci,Geography,4.15,4.1,4.2,2.8,3.8,1.1796892,1.197219,1.229272594,0.918936583,1.316561177
145,male,11,30,5,no,SocSci,Political Science,3.3666666,3.5666666,3.1666667,2.3666666,3.2962964,1.2242756,1.3047217,1.3412124,0.9278575,1.0308628
146,male,11,53,3,no,SocSci,Anthropology,4.4905663,4.283019,4.6981134,3.6037736,3.4285715,0.623965,0.94822425,0.5401177,0.9474586,1.3844373
147,male,11,46,4,yes,SocSci,Political Science,4.130434783,3.934782609,4.326086957,3.217391304,3.057142857,0.878349352,0.97529879,0.944089163,0.964089518,1.493965452
148,male,11,30,5,no,SocSci,Psychology,2.7,2.866666667,2.533333333,1.633333333,3.192307692,1.3683617,1.569830506,1.27936766,0.964305479,1.233506571
149,male,11,42,7,no,SocSci,Political Science,3.142857143,3.119047619,3.166666667,2.547619048,3.428571429,1.2360722,1.291669008,1.39540477,0.96783341,1.532459479
150,male,11,74,8,no,SocSci,Geography,2.621621622,2.662162162,2.581081081,2.175675676,3.21875,1.3080646,1.445607679,1.344769235,0.970215456,1.265773495
151,male,10,51,4,no,SocSci,Psychology,4.372549,4.1764708,4.5686274,3.5882354,4.0833335,0.7670928,1.0675591,0.69636244,0.99002963,0.78107876
152,male,11,31,4,no,SocSci,Psychology,1.467741935,1.483870968,1.451612903,2.483870968,3.225806452,0.88445354,0.995689635,0.850047437,0.995689635,1.542933946
153,male,11,19,2,no,SocSci,Psychology,3.421052632,3.578947368,3.263157895,4.368421053,3.277777778,1.4931618,1.609547537,1.557851272,1.011628298,1.637988564
154,male,11,56,4,no,SocSci,Anthropology,2.419642857,2.375,2.464285714,2.142857143,3.111111111,1.4005738,1.496207326,1.400834631,1.034470816,1.396311403
155,male,11,72,7,no,SocSci,Political Science,3.8333333,3.8055556,3.8611112,2.6111112,3.6065574,1.1748539,1.2631159,1.1904024,1.0421478,1.2685778
156,male,8,67,4,no,SocSci,Political Science,4.216418,4.1044774,4.328358,2.5373135,3.5,0.91793525,1.0020332,0.9752709,1.077713,1.2460464
157,male,11,85,7,no,SocSci,Political Science,2.4941177,2.764706,2.2235293,2.0823529,3.2222223,1.2452149,1.4528056,1.2571365,1.0824549,1.386273
158,male,9,14,1,no,SocSci,Psychology,4.178571429,4.142857143,4.214285714,2.428571429,3.785714286,1.0116085,1.099450412,1.121713759,1.089409559,1.368804724
159,male,9,47,7,no,SocSci,Sociology,2.872340426,3.340425532,2.404255319,3.808510638,2.857142857,1.1347672,1.433702955,1.076620608,1.096204874,1.201044841
160,male,10,69,2,no,SocSci,Sociology,3.086956522,3.420289855,2.753623188,3.579710145,3.019607843,1.2155745,1.34389466,1.193188969,1.129885433,1.272638143
161,male,2,11,2,no,SocSci,Anthropology,3.409090909,3.454545455,3.363636364,3.818181818,3.090909091,1.3931651,1.507556723,1.433368569,1.167748416,1.300349603
162,male,11,56,6,no,SocSci,Political Science,2.535714286,2.446428571,2.625,2.5,2.365853659,1.3910661,1.425987924,1.520316953,1.190874392,1.318258274
163,male,10,14,5,no,SocSci,Communication,1.604166667,1.5,1.708333333,2.083333333,2.454545455,0.9086441,0.978019294,0.999093792,1.212853863,1.438493681
164,male,7,23,7,no,SocSci,Communication,2.630434783,3.173913043,2.086956522,3.173913043,3.65,1.1795356,1.52709391,1.040674758,1.230379613,1.039989878
165,male,6,36,5,no,SocSci,Communication,2.916666667,3.138888889,2.694444444,3.5,2.861111111,1.3389761,1.514742369,1.348426479,1.23056317,1.222474721
166,male,11,44,8,no,SocSci,Sociology,2.7333333,2.6222222,2.8444445,3.1777778,3.097561,1.333996,1.402739,1.402739,1.3973279,1.072145
167,female,6,19,4,no,SocSci,Communication Disorders,4.684210526,4.894736842,4.473684211,4.210526316,4.368421053,0.3419928,0.315301768,0.512989176,0.630603535,0.76088591
168,female,4,11,5,no,SocSci,Communication,4,4.272727273,3.727272727,3.636363636,3.636363636,0.8062258,0.904534034,0.904534034,0.674199862,0.924416278
169,female,11,10,1,yes,SocSci,Communication,4.6,4.7,4.5,4.5,3.4,0.6582806,0.674948558,0.707106781,0.707106781,1.577621275
170,female,10,56,2,no,SocSci,Sociology,4.544643,4.517857,4.571429,4.303571,3.2857144,0.5158998,0.6321988,0.65663445,0.7608522,1.0738933
171,female,11,85,3,no,SocSci,Psychology,4.311764706,4.305882353,4.317647059,4.435294118,3.705882353,0.91604894,0.988306987,0.990571801,0.79353127,1.107084696
172,female,2,16,1,yes,SocSci,Psychology,4.9375,4.9375,4.9375,4,2.1875,0.1707825,0.25,0.25,0.816496581,1.558578412
173,female,7,39,5,yes,SocSci,Psychology,4.115384615,4.179487179,4.051282051,2.41025641,3.828571429,1.2378969,1.274688711,1.234348708,0.818147738,1.042782316
174,female,11,31,4,no,SocSci,Communication,2.435483871,2.451612903,2.419354839,1.870967742,3.357142857,1.1954213,1.260653526,1.258946479,0.846244074,1.366647309
175,female,8,24,3,no,SocSci,Psychology,4.574074074,4.703703704,4.444444444,2.888888889,3.833333333,0.58348596,0.541707756,0.751067616,0.847318546,1.049499536
176,female,11,67,3,no,SocSci,Sociology,3.880597015,3.746268657,4.029850746,3.910447761,3.566666667,1.0698681,1.210350357,1.072665178,0.865698934,1.140423155
177,female,2,15,3,no,SocSci,Sociology,3.666666667,3.866666667,3.466666667,3.533333333,3.466666667,1.3451854,1.505545305,1.457329587,0.915475416,1.187233679
178,female,6,46,3,no,SocSci,Sociology,4.195652174,4.413043478,3.97826087,3.869565217,3.369565217,0.9858908,1.107069946,0.999758425,0.93354035,1.122669352
179,female,9,13,6,no,SocSci,Anthropology,4.153846154,4.384615385,3.923076923,4.076923077,3.692307692,1.1616191,1.192927878,1.255755978,0.954073587,1.109400392
180,female,4,27,3,no,SocSci,Communication,2,1.962962963,2.037037037,3.185185185,2.740740741,1.0561177,1.285465539,1.091275946,0.962250449,1.129865366
181,female,11,35,3,no,SocSci,Communication,3.742857143,3.714285714,3.771428571,2.885714286,3.483870968,1.2448212,1.446525829,1.262250891,0.963187984,1.150969671
182,female,1,32,4,no,SocSci,Sociology,2.171875,2.4375,1.90625,4.09375,3.28125,1.2927177,1.605183137,1.25362378,0.995453374,1.30097668
183,female,3,22,2,yes,SocSci,Psychology,4.295454545,4.318181818,4.272727273,3.954545455,3.590909091,0.9594032,1.041352767,0.984731928,0.998917163,0.734139659
184,female,11,51,3,no,SocSci,Psychology,3.68627451,3.68627451,3.68627451,2.764705882,3.5,0.96416175,1.048621878,1.086097529,1.011696304,1.183215957
185,female,8,11,2,no,SocSci,Communication,3.636363636,4.090909091,3.181818182,3.363636364,4.714285714,1.0022701,1.445997611,1.07871978,1.026910636,0.487950036
186,female,10,52,3,no,SocSci,Psychology,4.076923077,4.076923077,4.076923077,3.423076923,3.659574468,1.2182622,1.311280677,1.234252236,1.035566603,1.108790876
187,female,10,62,5,no,SocSci,Anthropology,3.435483871,3.274193548,3.596774194,2.322580645,3.241935484,1.1751661,1.320324784,1.220852664,1.036611655,1.187885003
188,female,3,13,1,no,SocSci,Communication,2.730769231,2.230769231,3.230769231,3.461538462,2.923076923,1.1294428,1.3634421,1.012739367,1.050030525,1.320450584
189,female,2,20,2,no,SocSci,Psychology,3.625,3.55,3.7,3.5,3.95,1.265691,1.503504678,1.260743306,1.051314966,0.998683344
190,female,11,32,4,no,SocSci,Psychology,4.5625,4.46875,4.65625,3.875,4.266666667,0.8303711,1.046788483,0.700662129,1.070122091,0.980265036
191,female,5,23,3,no,SocSci,Sociology,3.173913043,3.130434783,3.217391304,3.173913043,4.086956522,1.5492572,1.546384282,1.650248514,1.07247267,0.668311541
192,female,11,62,1,no,SocSci,Communication,3.741935484,3.612903226,3.870967742,3.483870968,2.870967742,1.0778772,1.246040795,1.093705852,1.082527938,1.123283696
193,female,5,42,6,yes,SocSci,Psychology,4.535714286,4.547619048,4.523809524,2.5,3.761904762,0.6661947,0.802507684,0.706696031,1.087624397,0.849950467
194,female,11,24,2,no,SocSci,Communication,4.083333333,3.958333333,4.208333333,3.333333333,2.708333333,1.2654839,1.301476308,1.284664283,1.129319405,1.197067673
195,female,5,26,6,no,SocSci,Communication Disorders,2.807692308,2.730769231,2.884615385,3.576923077,4.272727273,1.6497086,1.710150691,1.681116845,1.205755429,1.162174406
196,female,3,12,4,yes,SocSci,Geography,3.7916667,3.5,4.0833335,3,3.8333333,0.8106769,1.2431631,0.51492864,1.2060454,1.2673044
197,female,11,32,4,no,SocSci,Communication,3.34375,3.21875,3.46875,2.71875,2.586207,1.3346348,1.4081416,1.3674647,1.2504032,1.0527936
198,female,9,50,5,no,SocSci,Psychology,2.58,2.6,2.56,2.86,3.1,1.302901,1.456862718,1.342553157,1.277912839,1.215287241
199,female,11,57,4,no,SocSci,Political Science,2.7280703,2.5263157,2.9298246,2.6842105,2.9574468,1.2430887,1.377177,1.293661,1.3114591,1.3180593
200,female,11,15,4,no,SocSci,Communication,3.966666667,3.8,4.133333333,3.4,3.307692308,1.216943869,1.373213125,1.245945806,1.594633859,1.436698495
201,male,8,32,4,yes,STEM,Math,4.921875,5,4.84375,3.8125,2.9,0.18445101,0,0.368902033,0.592289162,1.322223832
202,male,11,17,9,no,STEM,Math,2.529411765,2.411764706,2.647058824,2.235294118,3.333333333,1.217972,1.277635684,1.271867548,0.664211164,0.816496581
203,male,11,23,5,no,STEM,Chemistry,2.5652175,2.5652175,2.5652175,1.3913044,3.65,1.3841994,1.3968564,1.4405203,0.72231513,1.2258188
204,male,11,13,4,no,STEM,Chemistry,4.269230769,4.461538462,4.076923077,2.615384615,3.333333333,0.6329621,0.776250026,0.640512615,0.767947648,1.322875656
205,male,1,13,2,no,STEM,Math,3.730769231,3.692307692,3.769230769,3.846153846,2.846153846,1.2181848,1.182131929,1.300887271,0.800640769,0.987096234
206,male,6,18,7,no,STEM,Math,2.6388888,2.8333333,2.4444444,2.0555556,2.4444444,1.3039031,1.4652846,1.2935233,0.8023658,1.2472191
207,male,1,11,3,yes,STEM,Geology,4.954545455,4.909090909,5,4.363636364,3.181818182,0.15075567,0.301511345,0,0.809039835,1.401298099
208,male,10,26,4,no,STEM,Chemistry,4.480769231,4.384615385,4.576923077,3.038461538,4.043478261,0.8423867,1.022816624,0.80860754,0.823687768,1.223937791
209,male,6,15,4,no,STEM,Biology,2.646666667,2.8,2.533333333,2,3.2,1.46671,1.61245155,1.35576371,0.845154255,1.320173149
210,male,11,25,2,no,STEM,Physics,4.72,4.76,4.68,2.56,3.32,0.43493295,0.522812905,0.476095229,0.86986589,1.281925635
211,male,11,21,3,no,STEM,Chemistry,2.619047619,2.904761905,2.333333333,1.571428571,3.142857143,1.4654757,1.670471847,1.354006401,0.870139562,1.195228609
212,male,11,43,3,no,STEM,Astronomy/Physics,4.918604651,5,4.837209302,3.279069767,3.047619048,0.21630646,0,0.432612912,0.881707796,1.248460143
213,male,11,51,6,no,STEM,Math,4.549019608,4.62745098,4.470588235,4.039215686,3,0.5937584,0.747282659,0.643519733,0.893549871,1.307032262
214,male,11,11,2,no,STEM,Biology,4.045454545,4.090909091,4,3,2.909090909,1.1281521,1.300349603,1.095445115,0.894427191,1.221027883
215,male,11,27,2,no,STEM,Chemistry,4.796296296,4.925925926,4.666666667,3.148148148,2.904761905,0.31802452,0.266880256,0.554700196,0.907392872,1.374945886
216,male,11,37,5,no,STEM,Chemistry,3.067567568,3.108108108,3.027027027,2.189189189,3.028571429,1.429657,1.577335725,1.443115582,0.907923083,1.316986629
217,male,11,35,3,no,STEM,Biology,3.385714286,3.028571429,3.742857143,1.628571429,3.228571429,1.201015,1.424279266,1.220965316,0.91025899,1.262250891
218,male,11,29,2,no,STEM,Chemistry,4,3.655172414,4.344827586,2.137931034,3.107142857,0.91612536,1.173391363,0.936401244,0.915116618,1.39680285
219,male,4,30,2,no,STEM,Chemistry,1.75,2.166666667,1.333333333,2.666666667,2.961538462,0.80676025,1.205828756,0.606478435,0.922266075,1.148242805
220,male,11,28,6,yes,STEM,Computer Science,4.321428571,4.392857143,4.25,2.714285714,3.642857143,0.91504186,0.916486274,1.040833,0.937180281,0.944089163
221,male,11,33,3,no,STEM,Physics,4.666666667,4.757575758,4.575757576,3.212121212,3.35483871,0.608105,0.613916883,0.708444733,0.960389757,1.427080635
222,male,11,28,6,no,STEM,Math,2.714285714,2.892857143,2.535714286,2.75,3.346153846,1.2279806,1.499117906,1.137969044,0.967049733,1.164209867
223,male,11,62,5,no,STEM,Math,3.338709677,3.64516129,3.048387097,3.193548387,2.796610169,1.1550821,1.255764077,1.233778939,0.972384422,1.15638648
224,male,5,38,7,no,STEM,Math,3.986842105,4.026315789,3.947368421,3.842105263,3.894736842,1.1939422,1.442348725,1.064091248,0.973328527,1.180688615
225,male,11,14,1,no,STEM,Physics and Astronomy,3.821428571,4.071428571,3.571428571,3.214285714,3.357142857,0.91161615,1.141138818,0.937614462,0.974961256,1.277445941
226,male,5,25,3,no,STEM,Geology,3.482758621,3.482758621,3.482758621,3.206896552,3.896551724,1.2781317,1.682275025,1.18384029,0.977581211,1.291312389
227,male,11,53,8,no,STEM,Chemistry,3.490566038,3.924528302,3.056603774,3,2.85106383,1.0032,1.171558372,1.041376279,0.978463412,1.398426498
228,male,7,20,3,no,STEM,Geology,4.625,4.6,4.65,3.7,3.882352941,0.559017,0.680557047,0.587142949,0.97872097,1.11143786
229,male,11,21,10,no,STEM,Physics & Astronomy,3.452380952,3.523809524,3.380952381,2.238095238,2.722222222,1.4221882,1.503963019,1.532194194,0.995226703,1.227410261
230,male,6,40,6,no,STEM,Biology,2.2875,2.45,2.125,1.9,3.375,1.1869347,1.466724941,1.113725557,1.007662947,1.371645091
231,male,11,13,3,no,STEM,Biology,3.038461538,3.384615385,2.692307692,2.230769231,4,1.3913653,1.556623565,1.436698495,1.012739367,1.247219129
232,male,11,67,4,no,STEM,Biology,4.365671642,4.447761194,4.28358209,1.820895522,3.611940299,1.031996,1.077083352,1.112000247,1.013923868,1.527081033
233,male,11,19,5,no,STEM,Physics,3.684210526,3.947368421,3.421052632,2.157894737,3,1.0166738,1.268143184,1.216360211,1.014514547,1.322875656
234,male,10,17,2,no,STEM,Geology,3.5,3.294117647,3.705882353,2.823529412,2.875,1.0307764,0.919558718,1.358524286,1.014599312,1.147460965
235,male,11,22,7,no,STEM,Physics,4.159090909,4.363636364,3.954545455,3.090909091,3.363636364,0.89157915,0.902137913,1.045501599,1.019294383,1.3471507
236,male,11,16,3,no,STEM,Math,3.5625,3.4375,3.6875,3.375,2.8125,1.2230426,1.364734406,1.25,1.024695077,1.046820583
237,male,6,35,6,no,STEM,Chemistry,3.5625,3.4375,3.6875,3.375,2.8125,1.2230426,1.364734406,1.25,1.024695077,1.046820583
238,male,8,38,5,no,STEM,Geology,3.960526316,4,3.921052632,2.578947368,3.2,1.0159643,1.162476387,1.049622299,1.030129327,1.231928187
239,male,11,67,6,no,STEM,Math,4.231343284,4.164179104,4.298507463,4.164179104,2.650793651,0.974401,1.081483478,1.015261205,1.038603592,1.22024231
240,male,11,35,4,no,STEM,Biology,2.671428571,2.885714286,2.457142857,1.971428571,3.64516129,1.248192,1.323351996,1.357828221,1.042782316,1.170424057
241,male,11,32,5,no,STEM,Math,4.015625,3.9375,4.09375,4.40625,2.28125,1.3105304,1.389766748,1.352640786,1.042929342,1.113969218
242,male,11,58,4,no,STEM,Biology,3.103448276,3.275862069,2.931034483,2.224137931,3.810344828,1.2310266,1.460510647,1.182653409,1.043662637,1.424411236
243,male,11,21,3,no,STEM,Physics and Astronomy,4.166666667,4.428571429,3.904761905,3.095238095,3.35,1.01653,1.121223821,1.091089451,1.04425868,1.225818738
244,male,10,12,4,no,STEM,Biology,2.791666667,2.75,2.833333333,1.75,3,1.2146517,1.288057029,1.193416283,1.055289706,1.183215957
245,male,11,45,7,no,STEM,Math,3.966666667,4.088888889,3.844444444,2.533333333,3.333333333,1.3584751,1.45886354,1.380967308,1.057441165,1.284181766
246,male,3,14,2,no,STEM,Geology,4.107142857,4.142857143,4.142857143,3.071428571,3,0.6256864,0.949262293,0.534522484,1.071611706,1.037749043
247,male,9,41,5,no,STEM,Chemistry,3.329268293,3.512195122,3.146341463,3,3.028571429,1.2124859,1.502031145,1.152409988,1.072380529,1.316986629
248,male,1,10,3,no,STEM,Geology,2.8,2.9,2.7,2.4,2.7,1.2292726,1.286683938,1.251665557,1.0749677,1.251665557
249,male,11,30,3,no,STEM,Biology,4.066666667,3.9,4.233333333,2.933333333,3.413793103,0.7626331,1.061878622,0.773854363,1.080655399,0.982607369
250,male,11,25,12,no,STEM,Computer Science,4.62,4.72,4.52,2.48,4.117647059,0.725718,0.678232998,0.918331821,1.084742673,1.218726433
251,male,11,37,7,no,STEM,Math,3,3.081081081,2.918918919,3.054054054,2.34375,1.3385315,1.460182226,1.361746803,1.104182602,1.124775963
252,male,11,23,4,no,STEM,Chemistry,2.586956522,2.608695652,2.565217391,2.695652174,2.333333333,1.293798,1.499670583,1.308228746,1.105144277,1.084652289
253,male,11,65,3,no,STEM,Math,1.915384615,2.076923077,1.723076923,2.107692308,2.122807018,0.97855616,1.241315989,0.943856655,1.105710701,1.296563803
254,male,11,54,7,no,STEM,Geology,4.527777778,4.537037037,4.518518519,2.888888889,3.078431373,0.840327,0.840327047,0.794811969,1.12713808,1.213970959
255,male,8,41,5,no,STEM,Chemistry,3.890244,4.0731707,3.707317,2.6341465,3.3414633,1.2016249,1.232685,1.2892615,1.1348149,1.2963363
256,male,9,13,6,no,STEM,Math,4.384615385,4.461538462,4.307692308,3.846153846,3.076923077,1.1393318,1.126601424,1.182131929,1.14354375,1.441153384
257,male,11,52,6,no,STEM,Math,3.451923077,3.596153846,3.269230769,3.692307692,2.787234043,1.2056226,1.287338269,1.222587815,1.146836425,1.214695707
258,male,4,33,8,yes,STEM,Math,3.878787879,4.03030303,3.727272727,3.515151515,3.303030303,1.1794484,1.334279967,1.125631136,1.148945498,1.357498814
259,male,8,20,6,no,STEM,Physics,3.95,3.9,4,3.2,2.95,1.3068645,1.552586975,1.169795304,1.151657844,1.145931017
260,male,2,13,2,no,STEM,Chemistry,4.846153846,4.923076923,4.769230769,3.769230769,4.153846154,0.31521258,0.277350098,0.43852901,1.165750556,1.28102523
261,male,11,52,5,no,STEM,Math,2.865384615,2.826923077,2.903846154,2.25,2.285714286,1.2568065,1.353588605,1.240803272,1.169464432,1.338531534
262,male,6,20,3,no,STEM,Chemistry,3,3.4,2.6,2.3,3.05,1.1584927,1.273205652,1.187655807,1.174285897,1.145931017
263,male,5,39,3,no,STEM,Biology,3.166666667,3.333333333,3,2.153846154,3.615384615,1.2048877,1.324532357,1.213953957,1.181846493,1.114860969
264,male,11,53,8,no,STEM,Math,3.264150943,3.339622642,3.188679245,3.528301887,2.978723404,1.1376586,1.314759355,1.193840019,1.18652326,1.170086613
265,male,11,49,7,no,STEM,Math,2.928571429,3.081632653,2.775510204,3.591836735,2.95,1.1770372,1.288357072,1.246082296,1.20620561,1.197219
266,male,11,49,6,no,STEM,Physics & Astronomy,4.265306122,4.265306122,4.265306122,3.204081633,3.891304348,1.1506431,1.303449114,1.168608685,1.241296228,1.016054698
267,male,11,57,7,no,STEM,Math,2.50877193,2.561403509,2.473684211,3.01754386,2.350877193,1.3578187,1.535502987,1.297046964,1.274631993,1.231886301
268,male,11,17,5,no,STEM,Chemistry,4.235294118,4.235294118,4.235294118,2.705882353,4.090909091,1.1472473,1.200490096,1.147247345,1.311711948,1.044465936
269,male,11,30,10,no,STEM,Computer Science,2.85,2.933333333,2.766666667,2.2,3.724137931,1.3464513,1.529780993,1.356550731,1.323527158,1.221724534
270,male,11,13,3,no,STEM,Geology,3.3076923,3.4615386,3.1538463,2.7692308,3.6923077,1.315587,1.3301244,1.3445045,1.3634421,1.1094004
271,male,11,29,6,no,STEM,Math,2.620689655,2.75862069,2.482758621,3.034482759,3.173913043,1.2582241,1.405478373,1.18384029,1.375363812,1.07247267
272,male,11,29,3,no,STEM,Chemistry,3.103448276,3.172413793,3.034482759,2.75862069,2.962962963,1.3050678,1.364576478,1.349146784,1.405478373,1.224163183
273,male,11,11,6,no,STEM,Computer Science,3.727272727,4,3.454545455,3.272727273,4.181818182,1.648690941,1.61245155,1.809068067,1.420627262,0.981649817
274,male,10,12,2,no,STEM,Geology,2.375,2.416666667,2.333333333,2.75,2.090909091,1.1306676,1.443375673,1.302677895,1.422226168,0.831209415
275,male,11,18,5,no,STEM,Math,3.722222222,3.944444444,3.5,3.5,2.444444444,1.3636265,1.474178624,1.465284554,1.42457424,1.338226316
276,male,3,15,3,no,STEM,Chemistry,2.5,2.733333333,2.266666667,2.733333333,3,1.069045,1.486446706,1.099783528,1.437590577,1.414213562
277,female,11,25,3,no,STEM,Math,4.94,5,4.88,4.8,4.24,0.16583124,0,0.331662479,0.5,0.879393731
278,female,8,10,4,no,STEM,Biology,2.9,3.1,2.7,1.5,3,1.0219806,0.875595036,1.33749351,0.527046277,1.333333333
279,female,11,13,3,yes,STEM,Biology,4.692307692,4.769230769,4.615384615,4.230769231,3.25,0.5964639,0.43852901,0.869718493,0.725011052,1.138180366
280,female,11,47,8,no,STEM,Math,3.43617,3.531915,3.3404255,4.744681,2.9148936,1.1112909,1.2131716,1.166127,0.73626804,1.426912
281,female,5,11,6,no,STEM,Math,3.772727273,3.818181818,3.727272727,3.727272727,3,1.4553975,1.662418829,1.348399725,0.904534034,1.483239697
282,female,11,18,5,no,STEM,Chemistry,2.75,2.777777778,2.722222222,2.444444444,3.588235294,1.3746657,1.555088632,1.40610248,0.921777198,0.939336437
283,female,4,21,1,no,STEM,Chemistry,2.619047619,3.19047619,2.047619048,2.523809524,2.904761905,1.1955733,1.435933411,1.116968687,0.92838826,1.04425868
284,female,7,42,2,no,STEM,Geology,4.285714286,4.452380952,4.119047619,3.619047619,3.459459459,0.9988565,0.916046142,1.130559563,0.935802276,1.192443677
285,female,9,33,1,no,STEM,Biology,4.015151515,4.181818182,3.848484848,1.878787879,3.961538462,0.7953463,0.808337238,0.972150069,0.960389757,0.870896974
286,female,3,27,3,no,STEM,Math,4.981481481,5,4.962962963,3.962962963,3.407407407,0.096225046,0,0.19245009,0.97985405,1.337600011
287,female,11,12,3,no,STEM,Math,4.583333333,4.5,4.666666667,3.666666667,3,0.7334022,0.674199862,0.887625365,0.984731928,1.651445648
288,female,11,45,4,no,STEM,Biology,2.422222222,2.533333333,2.311111111,2.022222222,3.85,1.270091,1.423823278,1.258105036,1.011050059,1.122040266
289,female,11,49,3,no,STEM,Math,2.336734694,2.591836735,2.081632653,2.183673469,2.302325581,1.2006412,1.352749782,1.204794842,1.01393354,0.988863795
290,female,11,36,3,yes,STEM,Biology,4.5,4.555555556,4.444444444,3.305555556,3.65625,0.70710677,0.694650763,0.843274043,1.064208477,1.09572115
291,female,11,54,4,no,STEM,Geology,3.555555556,3.555555556,3.555555556,2.5,2.607843137,1.0625116,1.253924656,1.07574751,1.077208131,1.297357798
292,female,10,31,6,no,STEM,Math,4.064516129,4.096774194,4.032258065,3.258064516,2.32,1.4008446,1.422552605,1.42557289,1.094463093,1.345362405
293,female,6,17,4,no,STEM,Biology,3.529411765,3.470588235,3.588235294,2.117647059,3.352941176,1.2307339,1.328422328,1.227743027,1.11143786,1.271867548
294,female,7,30,4,no,STEM,Biology,4.233333333,4.366666667,4.1,2.933333333,3.366666667,1.0886035,1.245220749,1.061878622,1.112106834,1.272611579
295,female,4,11,3,no,STEM,Biology,3.454545455,3.363636364,3.545454545,2.636363636,3.272727273,1.4045382,1.566698904,1.368476259,1.120064933,1.489356176
296,female,2,17,5,no,STEM,Math,2.352941176,2.411764706,2.294117647,2,2.470588235,0.91454744,0.939336437,1.159994929,1.17260394,1.23073388
297,female,8,80,8,no,STEM,Math,2.0875,2.375,1.8,2.3875,2.733333333,1.0988343,1.344232876,1.048205217,1.216903624,1.233905394
298,female,11,39,4,no,STEM,Physics,3.6538463,4.076923,3.2307692,2.7948718,3.4210527,1.2729671,1.2852322,1.422776,1.2178386,1.08133
299,female,11,26,4,no,STEM,Biology,2.153846154,2.346153846,1.961538462,2.115384615,2.884615385,1.0273192,1.354763675,0.958363991,1.243444348,1.42343031
300,female,11,29,4,no,STEM,Computer Science,2.655172414,2.689655172,2.620689655,2.655172414,4.068965517,1.3436587,1.441810575,1.399331297,1.261401207,1.307424799
301,female,11,60,7,no,STEM,Math,2.608333333,2.716666667,2.466666667,3.483333333,2.25,1.3563775,1.439063569,1.407807126,1.268813227,1.082390238
302,female,1,16,3,no,STEM,Physics and Astronomy,2.40625,2.375,2.4375,1.9375,2.875,1.1433686,1.310216267,1.093541647,1.340087062,1.310216267
303,female,3,10,5,no,STEM,Math,2.9,3.2,2.6,3.1,1.9,1.0749677,1.316561177,0.966091783,1.370320319,1.100504935
304,male,3,14,2,no,Pre-prof,Kins,2.392857,2.142857,2.642857,1.4285715,2.7142856,1.195803,1.2924124,1.1507283,0.5135526,1.2043875
305,male,6,14,7,no,Pre-prof,Kins,4.892857143,4.928571429,4.857142857,4.857142857,4,0.28946713,0.267261242,0.36313652,0.534522484,1.176696811
306,male,7,12,4,no,Pre-prof,Kins,2.958333333,3,2.916666667,3.833333333,3.416666667,1.494434118,1.429840706,1.632993162,0.699205899,1.354006401
307,male,11,13,3,no,Pre-prof,Kins,2,2,2,2.846153846,2.769230769,1.2416387,1.527525232,1.08012345,0.800640769,1.423250163
308,male,11,11,5,no,Pre-prof,Business,3.954545455,4.363636364,3.545454545,3.636363636,2.909090909,1.1500988,1.206045378,1.213559752,0.809039835,1.136181804
309,male,8,39,2,no,Pre-prof,Economics,4.294872,4.3846154,4.205128,3.7692308,3.0555556,0.7670685,0.8148421,0.89382344,0.80985826,1.1697239
310,male,8,32,3,yes,Pre-prof,Kins,4.453125,4.34375,4.5625,4.625,3.59375,0.8739914,1.09572115,0.877588338,0.832795525,1.542084367
311,male,2,10,2,no,Pre-prof,Accounting,4.2,4.6,4.2,2.4,3.9,0.788810638,0.699205899,0.632455532,0.843274043,1.286683938
312,male,10,21,5,yes,Pre-prof,Kins,4.904761905,4.857142857,4.952380952,4.80952381,3.894736842,0.20118695,0.358568583,0.21821789,0.872871561,1.196974744
313,male,11,10,3,no,Pre-prof,Finance,3.1,3.5,2.7,1.9,2.5,1.3291601,1.58113883,1.418136492,0.875595036,0.9258201
314,male,7,12,3,no,Pre-prof,Environmental Public Health,3.166666667,3.166666667,3.25,3.583333333,3.5,1.1146408,1.642245322,1.055289706,0.900336637,1.167748416
315,male,5,15,3,yes,Pre-prof,Information Systems,3.4333334,3.5333333,3.3333333,3.6,3.6666667,1.2658519,1.3557637,1.2909944,0.910259,1.5886502
316,male,11,53,6,no,Pre-prof,Economics,4.811321,4.8490567,4.773585,4.1320753,3.1333334,0.34287268,0.41120023,0.46581233,0.9206548,1.2720778
317,male,8,68,3,no,Pre-prof,Economics,3.9191177,4.25,3.5882354,2.9117646,2.919355,1.0636823,1.1638203,1.2366939,0.9261587,1.1205734
318,male,7,48,4,no,Pre-prof,Accounting,4.0625,4.229166667,3.895833333,1.75,3.348837209,1.0945951,1.076629558,1.207064019,0.933991662,1.325280221
319,male,2,10,1,no,Pre-prof,Business,2.6,3.1,2.2,4.3,2.6,1.0219806,1.370320319,1.398411798,0.948683298,1.349897115
320,male,11,36,3,no,Pre-prof,Business,2.791666667,2.75,2.777777778,2.194444444,3.114285714,1.3855118,1.574347938,1.333333333,0.980362745,1.231245868
321,male,8,15,2,yes,Pre-prof,Finance,4.166666667,4.266666667,4.066666667,3,3.357142857,0.7943251,0.961150105,0.798808637,1,1.446860945
322,male,3,32,3,yes,Pre-prof,Information Systems,4.25,4.21875,4.28125,4.125,3.09375,1.0395409,1.237436867,1.054464395,1.008032258,1.444888097
323,male,9,23,5,no,Pre-prof,Economics,4.260869565,4.47826087,4.043478261,4.130434783,2.952380952,0.9153932,0.897955517,1.065076219,1.013739604,1.283596139
324,male,4,14,4,no,Pre-prof,Business,4.178571429,4.071428571,4.285714286,3.142857143,4,1.1198754,1.141138818,1.204387583,1.027105182,1.037749043
325,male,8,12,4,no,Pre-prof,Managerial Science,2.9166667,3,2.8333333,2.3333333,3.75,1.4115326,1.8090681,1.1934162,1.0730867,0.75377834
326,male,11,31,2,no,Pre-prof,Accounting,2.919354839,2.64516129,3.193548387,2.322580645,2.741935484,1.1756442,1.2529535,1.275914178,1.076633543,1.210171942
327,male,11,24,3,yes,Pre-prof,Marketing,4.5625,4.791666667,4.333333333,3.666666667,3.863636364,0.86366886,0.832970936,1.049499536,1.090140265,1.037187339
328,male,8,33,4,no,Pre-prof,Economics,4.393939394,4.424242424,4.363636364,3.454545455,3.285714286,0.9499801,1.061552608,0.962359789,1.092328622,1.181873681
329,male,6,50,2,yes,Pre-prof,Criminal Justice,4.64,4.56,4.72,3.94,4.16,0.6311635,0.812152594,0.572855362,1.095631399,0.841766849
330,male,8,11,6,no,Pre-prof,Curriculum and Instruction,2.590909,2.6363637,2.5454545,2.2727273,3.6363637,1.1361818,1.361817,1.3684763,1.1037128,1.5015144
331,male,11,19,3,no,Pre-prof,Library Science,4.394736842,4.473684211,4.315789474,3.368421053,3.421052632,0.7183884,0.772328446,0.820069887,1.116070802,1.502434671
332,male,6,19,1,no,Pre-prof,Finance,3.447368421,3.105263158,3.789473684,2.473684211,3,1.4131794,1.594948165,1.474936811,1.123902974,1.154700538
333,male,11,57,5,no,Pre-prof,Economics,3.719298246,3.912280702,3.526315789,2.561403509,3.092592593,1.0480319,1.153886318,1.103650811,1.149806565,1.201705055
334,male,11,34,3,no,Pre-prof,Business,2.720588235,2.764705882,2.676470588,2.647058824,3.03030303,1.2979656,1.436722354,1.364497648,1.151608965,1.131504764
335,male,6,16,2,no,Pre-prof,Business,3.6875,3.8125,3.5625,3.4375,2.769230769,1.340087,1.376892637,1.364734406,1.152894907,1.423250163
336,male,8,29,3,no,Pre-prof,Special Education,3.136363636,3,3.272727273,2.090909091,4,1.3055824,1.483239697,1.348399725,1.221027883,0.894427191
337,male,11,45,6,no,Pre-prof,Economics,4.288888889,4.466666667,4.111111111,3.155555556,3.184210526,1.0027739,1.013544635,1.091750517,1.223919849,1.332651556
338,male,11,21,4,no,Pre-prof,Social Work,3.095238095,2.80952381,3.380952381,2.666666667,3.444444444,1.1577893,1.364516311,1.160869953,1.238278375,1.041617646
339,female,9,10,1,no,Pre-prof,Business,4.05,3.9,4.2,4.9,3.2,0.9264628,1.100504935,0.918936583,0.316227766,1.549193338
340,female,7,10,4,no,Pre-prof,Special Education,4.85,4.9,4.8,4.9,4.6,0.24152295,0.316227766,0.421637021,0.316227766,0.699205899
341,female,11,24,3,no,Pre-prof,Accounting,4.861111111,4.833333333,4.888888889,4.722222222,4.647058824,0.41322106,0.514495755,0.323380833,0.57451315,0.606339063
342,female,5,10,2,no,Pre-prof,Kins,4.85,4.8,4.9,4,4.2,0.3374743,0.42163703,0.31622776,0.6666667,0.6324555
343,female,7,10,2,no,Pre-prof,Management,3.35,3.6,3.1,3.7,3.875,1.5465014,1.577621275,1.728840331,0.674948558,1.356202682
344,female,11,16,4,no,Pre-prof,Marketing,3.5625,3.6875,3.4375,4.125,3.4375,1.4476993,1.537042615,1.412739655,0.718795288,1.093541647
345,female,11,16,2,no,Pre-prof,Business,4.6875,4.625,4.75,3.5,3.1875,0.57373047,0.619139187,0.577350269,0.816496581,0.981070844
346,female,11,10,5,no,Pre-prof,Marketing,3.6,3.6,3.6,2.7,4.25,1.6465452,1.712697677,1.646545205,0.823272602,0.88640526
347,female,2,15,1,no,Pre-prof,Managerial Science,3.433333333,3.666666667,3.2,3.2,3,1.4864467,1.588650221,1.424279266,0.941123948,1.463850109
348,female,2,29,2,yes,Pre-prof,Economics,4.120689655,4.344827586,3.896551724,4.034482759,3.034482759,0.96042377,1.261401207,0.90019155,0.981353243,1.085052949
349,female,3,24,2,no,Pre-prof,Economics,4.08333,4.58333,3.58333,4.16667,2.625,0.6863,0.71728,0.8297,1.00722,1.09594
350,female,2,11,4,no,Pre-prof,Social Work,3.181818182,3.272727273,3.090909091,3.545454545,3.363636364,1.3090594,1.489356176,1.221027883,1.035725481,0.674199862
351,female,11,22,9,yes,Pre-prof,Kins,4.340909091,4.545454545,4.090909091,4.454545455,3.636363636,0.8075,0.962500351,0.971454036,1.05682691,1.398824491
352,female,11,62,3,no,Pre-prof,Accounting,3.491935484,3.612903226,3.370967742,2.467741935,2.966101695,1.3715252,1.452582084,1.416921981,1.06690516,1.364148107
353,female,11,21,3,no,Pre-prof,Management,4.5,4.428571429,4.571428571,3.619047619,3.428571429,0.8062258,1.075705748,0.746420027,1.07126983,1.028174527
354,female,9,53,4,no,Pre-prof,Economics,3.58490566,3.41509434,3.754716981,3.037735849,2.825,1.1424327,1.231540034,1.207439445,1.073496518,1.059450753
355,female,5,12,2,no,Pre-prof,Kins,3.708333333,3.583333333,3.833333333,4.25,2,1.4374589,1.505042031,1.403458931,1.138180366,1.414213562
356,female,11,11,2,no,Pre-prof,Accounting,3.318181818,3.090909091,3.545454545,2.181818182,2.727272727,1.6773897,1.700267359,1.752919642,1.167748416,1.420627262
357,female,11,38,2,no,Pre-prof,Economics,3.513157895,3.657894737,3.368421053,3.868421053,2.823529412,1.147776,1.236304777,1.261081746,1.211901625,1.140722478
358,female,11,46,4,no,Pre-prof,Economics,4.22826087,4.304347826,4.152173913,3.369565217,2.906976744,0.9758559,1.008179111,1.053404877,1.217624201,1.15085793
359,female,11,10,3,no,Pre-prof,Kins,1.9,1.9,1.9,3.8,2.2,1.0219806,1.100504935,1.197219,1.229272594,1.135292424
360,female,3,24,4,no,Pre-prof,Economics,1.9375,2.25,1.625,2.333333333,2.5625,1.1824119,1.35934767,1.17260394,1.274044115,1.31497782
361,female,11,27,4,no,Pre-prof,Business,3.462962963,3.333333333,3.592592593,3.111111111,2.555555556,1.3295888,1.493575988,1.278799294,1.339728254,1.423250163
362,female,5,21,3,no,Pre-prof,Social Work,2.619047619,2.714285714,2.523809524,3.619047619,3.411764706,1.5484247,1.553797192,1.691716513,1.4309504,1.003669737
363,female,4,15,2,no,Pre-prof,Accounting,2.966667,3.066667,2.866667,2.666667,2.533333,1.288225,1.3345233,1.3557637,1.4474937,1.1254629
364,female,2,10,3,no,Pre-prof,Accounting,3.25,3.2,3.3,3,2.7,1.2076148,1.475729575,1.059349905,1.56347192,0.948683298
365,female,9,11,5,no,Pre-prof,Nursing,1.909090909,1.909090909,1.909090909,2.272727273,2.545454545,1.3751034,1.578261414,1.300349603,1.61807967,1.634847783
366,female,2,11,4,no,Pre-prof,Marketing,1.409090909,1.363636364,1.454545455,2.636363636,2.272727273,0.91701096,0.924416278,1.035725481,1.629277587,1.420627262
